,Original,BLUR5,BLUR10,BLUR15,BLUR20,BLUR25
2nd,1,0,0,0,0,0
aa,1,0,0,0,0,0
above,9,9,6,4,1,5
absence,0,0,0,1,1,0
abstract,0,1,6,12,23,13
abstraction,0,0,0,1,0,1
abundance,1,0,0,0,0,0
accent,0,0,0,0,2,0
accents,2,1,0,1,0,0
accessory,0,1,1,0,0,0
accompanied,2,2,1,0,0,0
across,5,6,1,0,2,0
action,1,5,2,1,1,0
actions,0,0,0,1,0,0
active,0,2,0,0,1,0
actively,2,3,1,0,0,0
activities,0,2,0,0,0,0
activity,1,7,6,4,0,2
add,0,0,0,1,0,0
adding,28,16,13,10,9,2
additional,1,0,0,1,4,3
addressing,0,1,0,0,0,0
adds,0,3,0,1,2,0
adjusting,0,0,1,4,0,0
adorn,1,0,0,0,0,0
adorned,7,3,2,0,0,0
adult,1,0,0,0,0,0
adults,1,0,0,0,0,0
adventure,1,0,0,0,0,0
advertisement,1,0,0,0,0,0
aerial,2,3,0,0,0,0
aesthetic,2,0,0,0,0,0
afternoon,0,0,1,0,2,0
against,34,36,48,52,35,39
ahead,1,2,0,0,0,0
air,2,1,0,0,0,0
airborne,1,0,0,0,0,0
aircraft,5,2,0,0,0,0
airlines,2,0,0,0,0,0
airplane,5,1,0,0,0,0
airplanes,1,0,0,0,0,0
airport,4,1,0,0,0,0
airy,0,0,0,0,1,1
alertness,0,0,1,0,0,0
all,2,0,1,0,0,0
allowing,0,1,1,0,1,0
almost,0,1,6,13,13,23
aloft,1,0,0,0,0,0
along,4,2,2,0,0,0
alongside,0,1,0,0,0,0
alpine,1,0,0,0,0,0
also,1,2,0,0,0,0
alternating,1,1,0,0,0,0
amazon,1,0,0,0,0,0
amber,0,1,0,0,0,1
ambiance,4,4,4,1,1,1
ambient,0,0,0,1,1,0
american,2,1,0,0,0,0
amidst,5,1,2,0,0,0
amused,1,0,0,0,0,0
ancient,0,0,1,0,0,0
angle,1,2,2,0,0,0
angled,7,4,2,3,0,0
angles,0,0,0,0,1,0
angular,1,0,0,0,0,0
animal,1,5,2,0,1,0
another,7,4,2,2,1,2
anticipation,1,1,0,0,0,0
any,0,0,0,4,2,4
apart,0,0,1,1,0,1
apparent,0,0,0,1,1,2
appealing,1,0,0,0,0,0
appear,4,2,2,6,4,2
appearance,1,0,2,4,9,13
appearing,6,5,7,2,1,1
appears,27,61,80,80,71,47
appetizing,2,1,0,0,0,0
apple,1,2,0,0,0,1
apples,3,1,1,0,0,0
appliance,0,0,0,1,0,0
appliances,0,2,0,0,0,0
application,1,0,0,0,0,0
arches,1,0,1,0,0,0
architectural,1,1,3,2,0,0
architecture,2,1,3,0,0,0
archway,0,0,1,0,1,0
area,15,21,18,26,16,21
areas,0,0,2,4,1,4
arm,1,5,2,2,0,0
armchair,2,1,0,0,0,0
armrest,0,0,1,0,0,0
arms,2,7,5,1,3,1
around,9,2,5,9,4,12
arranged,6,4,3,1,0,0
arrangement,2,2,2,3,0,0
array,0,0,0,1,0,0
art,0,0,0,0,1,0
artificial,1,2,1,0,0,0
artistic,0,0,0,0,0,2
artwork,0,1,1,0,0,0
ascent,2,0,0,0,0,0
asphalt,1,0,0,0,0,0
assortment,1,1,0,0,0,0
athletes,0,1,0,0,0,0
atmosphere,13,8,9,7,8,13
atmospheric,0,0,0,1,0,0
atop,5,1,1,0,0,0
attached,2,2,0,0,1,0
attachment,1,0,0,0,0,0
attention,0,2,0,2,3,4
attentive,1,0,0,0,0,0
attire,7,8,3,5,2,1
attraction,0,0,1,0,0,0
audience,2,1,0,0,0,0
autumn,1,0,0,1,0,0
ave,1,0,0,0,0,0
away,0,2,1,0,0,0
baby,1,0,0,0,0,0
back,7,2,1,1,2,0
backdrop,19,14,19,19,5,8
background,72,106,120,119,113,89
backgrounds,0,1,0,0,0,0
backpack,1,1,0,0,0,0
backrest,0,0,1,0,0,0
backsplash,1,0,0,0,0,0
badge,0,0,0,1,0,0
bag,3,0,1,0,0,0
baggage,1,0,0,0,0,0
bags,0,1,0,0,0,0
balance,2,3,1,0,0,0
balanced,1,0,0,0,0,0
balcony,1,1,0,0,0,0
ball,3,5,0,0,1,1
balloon,0,0,0,1,0,0
balloons,0,0,0,1,0,0
banana,4,1,2,0,0,0
bananas,3,3,2,0,0,0
band,0,0,0,0,1,2
banner,1,0,0,0,0,0
bar,1,0,0,0,0,0
barely,0,0,1,0,0,0
bark,0,0,0,0,1,0
barrier,0,0,1,0,0,0
base,1,2,1,0,1,0
baseball,3,4,0,0,0,0
bases,1,2,0,0,0,0
basic,1,0,0,0,0,0
basket,0,2,0,0,0,0
bat,1,0,0,0,0,0
bathed,2,0,0,0,0,0
bathroom,1,0,0,0,0,0
batter,3,0,0,0,0,0
beach,10,11,9,7,7,6
beams,1,0,0,0,0,0
beanie,2,0,0,0,0,0
beans,1,0,0,0,0,0
bear,9,10,1,0,0,0
beard,1,0,0,0,0,0
bears,4,6,1,0,0,0
beautifully,1,0,0,0,0,0
beauty,1,0,1,0,0,0
bed,0,0,1,1,0,0
bedroom,0,1,0,0,0,0
beer,3,2,0,0,0,0
behind,12,8,4,4,1,1
beige,1,1,1,2,3,7
being,2,0,0,0,0,1
below,2,4,0,0,3,0
belts,1,0,0,0,0,0
bench,6,4,1,0,0,0
benchs,0,1,0,0,0,0
bending,0,1,0,0,0,0
beneath,2,4,0,0,0,0
bent,1,1,0,1,0,0
beside,6,0,1,0,0,0
between,2,4,10,13,10,10
beverage,1,0,0,0,0,0
bicycle,0,0,1,0,0,0
bicycles,1,0,1,0,0,0
bike,4,0,0,0,0,0
bikini,1,0,0,0,0,0
bins,1,0,0,0,0,0
bird,0,1,3,0,0,0
birds,0,1,0,0,0,0
birthday,1,0,0,0,0,0
bite,1,0,0,0,0,0
bites,0,0,1,0,0,0
black,27,8,2,4,4,3
blanket,1,1,0,0,0,0
blanketing,1,0,0,0,0,0
blend,1,0,1,4,11,11
blending,1,1,2,2,4,9
blooms,2,1,1,1,0,0
blue,34,43,40,42,44,42
blues,0,0,1,0,6,5
bluetoned,1,0,0,0,0,0
bluishgray,0,0,0,1,0,1
blur,0,5,2,4,1,5
blurred,5,23,55,75,76,70
blurriness,0,0,0,1,1,2
blurry,0,0,0,1,0,0
board,4,3,0,0,0,0
boarding,1,0,0,0,0,0
boat,1,2,1,0,0,0
boats,3,0,0,0,0,0
bodies,0,0,0,1,0,0
body,6,14,10,13,9,2
bokeh,0,0,0,0,0,1
bold,3,0,2,0,1,0
books,2,3,0,0,0,0
bookshelf,0,1,0,0,0,0
boots,1,0,0,0,0,0
border,1,1,3,0,0,0
bordered,0,1,0,1,0,0
both,8,5,1,0,0,1
bottle,0,0,2,0,0,0
bottles,1,0,0,0,0,0
bottom,1,1,3,9,17,35
boundaries,0,1,0,0,1,0
boundary,2,1,0,0,0,0
bouquet,1,1,0,3,0,0
bow,0,2,0,0,0,0
bowl,6,5,3,0,0,0
bows,1,0,0,0,0,0
box,2,1,0,0,0,0
boy,1,0,0,0,0,0
brakes,1,0,0,0,0,0
branch,0,1,0,0,0,0
branches,0,0,1,1,0,1
branding,1,0,0,0,0,0
bread,1,2,0,1,0,0
breaking,1,1,0,0,0,0
breast,1,0,0,0,0,0
breeze,1,0,0,0,0,0
briarcliff,1,0,0,0,0,0
brick,2,2,2,0,0,0
bricks,0,0,1,0,0,0
bride,1,0,0,0,0,0
bridge,4,4,2,0,1,0
bright,7,12,18,17,13,8
brighter,0,0,0,0,0,1
brightly,1,0,0,0,0,0
brightness,0,0,0,0,1,0
briskly,0,0,1,1,0,0
broad,0,0,0,0,1,0
broccoli,5,4,0,0,0,0
bronx,1,0,0,0,0,0
broom,1,0,0,0,0,0
brown,12,10,3,6,12,13
brownish,0,0,0,0,0,1
browns,0,0,0,0,1,1
browser,0,1,0,0,0,0
bucket,1,0,0,0,0,0
building,6,8,13,11,5,1
buildings,5,4,3,1,0,1
burst,0,0,0,0,1,0
bus,6,0,0,0,0,0
bush,0,0,0,1,1,0
bushes,1,0,2,1,2,0
bustling,3,1,1,0,0,0
busy,1,2,0,0,0,0
button,0,0,0,0,1,0
buttoned,1,0,0,0,0,0
cabin,0,1,0,0,0,0
cabinet,0,0,1,0,0,0
cabinetry,1,0,0,0,0,0
cabinets,0,2,0,0,0,0
cables,1,0,0,0,0,0
caf√©,0,0,0,1,0,0
cake,2,0,0,0,0,0
calm,6,5,2,5,7,7
calming,0,0,0,0,1,4
calmness,1,0,1,0,4,2
camera,1,2,2,0,0,0
campus,1,0,0,0,0,0
candid,0,0,0,0,1,0
candle,0,1,0,0,0,0
candles,2,1,0,0,0,0
candlesticks,1,0,0,0,0,0
canoeing,0,0,1,0,0,0
cap,2,1,1,2,0,0
capital,1,0,0,0,0,0
captured,16,16,4,1,1,0
captures,15,9,4,0,0,0
capturing,0,0,0,1,0,0
car,1,0,0,0,0,0
cardboard,1,0,0,0,0,0
carpeted,1,0,0,0,0,0
carries,1,0,0,0,0,0
carrot,0,2,3,0,0,0
carrots,2,2,1,0,0,0
carrying,2,2,0,0,0,0
cars,3,0,0,0,0,0
cart,1,0,0,0,0,0
carts,1,0,0,0,0,0
carved,1,0,0,0,0,0
carving,1,0,0,0,0,0
carvings,1,0,0,0,0,0
cascading,0,1,0,0,0,0
cast,1,2,0,1,2,1
casting,2,4,0,0,1,0
casts,1,0,0,0,0,0
casual,1,7,5,2,1,0
casually,1,0,1,0,0,0
cat,5,0,0,0,0,0
catcher,1,0,0,0,0,0
cats,1,0,0,0,0,0
ceiling,1,0,1,0,0,0
celebration,1,0,0,0,0,0
celebratory,1,1,0,0,0,0
center,3,3,8,19,38,44
centered,0,0,1,1,1,1
centerpiece,1,0,0,0,0,0
centerright,0,0,0,0,1,1
central,0,1,4,2,9,17
centrally,0,0,0,2,1,0
ceramic,1,0,0,0,0,0
ceremonial,0,1,0,0,0,0
chain,2,0,0,0,0,0
chainlink,5,0,0,0,0,0
chair,2,0,2,1,0,0
chairs,6,2,2,0,0,0
champagne,1,0,0,0,0,0
character,1,0,0,0,0,0
characteristic,0,0,0,0,0,1
characterized,0,1,0,0,0,0
charm,2,0,0,1,0,0
charming,1,0,0,0,0,0
checkered,3,0,0,0,0,0
cheeks,0,1,0,0,0,0
cheerful,0,2,0,0,0,0
cheese,4,0,0,1,0,0
chest,2,1,1,1,0,0
chicken,3,0,0,0,0,0
child,7,2,0,0,0,0
children,1,0,0,0,0,0
childs,2,0,0,0,0,0
chimney,0,1,0,0,0,0
chopped,1,0,0,0,0,0
choppy,0,1,0,0,0,0
chrome,1,0,0,0,0,0
church,1,0,0,0,0,0
circle,0,0,0,6,1,2
circles,0,1,0,0,0,0
circular,0,2,8,18,17,21
city,2,2,1,0,0,0
cityscape,1,0,0,0,1,0
clasped,0,0,2,0,0,0
classic,2,0,0,0,0,0
classical,1,0,0,0,0,0
classroom,1,0,0,0,0,0
clay,4,4,2,1,0,0
clean,1,0,2,0,0,0
clear,23,21,19,17,14,9
clearly,3,2,1,3,0,0
climb,1,0,0,0,0,0
clips,1,0,0,0,0,0
clock,1,0,0,0,0,0
close,4,7,5,4,1,1
closely,0,2,0,2,0,0
closer,0,0,0,0,0,1
closeup,5,3,12,15,13,7
cloth,0,1,1,0,0,0
clothing,1,3,6,3,6,2
cloud,0,0,0,0,3,0
cloudlike,0,0,0,1,1,0
clouds,9,5,4,3,4,2
cloudy,5,4,1,0,0,0
cluster,0,3,1,1,2,1
cluttered,1,1,0,0,0,0
coastal,0,1,1,0,0,2
coat,1,1,0,0,0,0
cobblestone,1,0,0,0,0,0
cockpit,1,0,0,0,0,0
code,2,0,0,0,0,0
coffee,4,1,1,0,0,0
collar,3,0,3,0,0,1
collection,1,0,0,0,0,0
color,4,8,8,8,7,6
coloration,0,0,0,1,0,2
colorful,15,15,6,6,0,2
colors,7,7,17,28,46,60
columns,1,1,2,0,0,0
combination,0,0,1,0,0,0
comfortable,0,0,1,0,0,0
comfortablelooking,1,2,0,0,0,0
coming,0,1,1,0,0,0
commercial,1,0,0,0,0,0
compact,1,2,0,0,0,0
compared,0,0,3,6,0,3
competitive,3,0,0,0,0,0
complement,0,0,0,0,1,0
complements,0,0,1,0,0,0
completing,0,0,1,0,0,0
complexity,0,0,0,0,0,1
composed,0,0,0,0,0,1
composition,1,2,16,25,40,34
computer,3,3,2,0,0,0
concrete,0,3,1,0,0,0
conditions,0,0,0,1,0,0
cone,1,0,1,0,0,0
conference,0,1,1,0,0,0
connected,2,0,0,0,0,0
consists,0,1,0,0,0,0
console,0,0,1,0,0,0
construction,2,2,0,0,0,0
container,1,0,1,0,0,0
containers,2,1,0,0,0,0
containing,0,2,0,1,0,0
contains,2,1,0,0,0,1
contemplative,1,0,1,0,0,0
content,0,1,0,0,0,0
contours,0,0,1,1,0,2
contrast,2,7,13,23,21,18
contrasting,11,6,2,3,6,5
contrasts,5,2,11,8,5,9
control,2,1,0,0,0,0
controller,1,0,0,0,0,0
controllers,0,1,0,0,0,0
conversation,2,0,2,1,0,0
conveys,0,2,1,2,0,0
cooked,0,1,0,0,0,0
cool,1,0,7,5,7,12
cooler,1,2,0,0,3,4
coordinated,1,0,0,0,0,0
core,0,0,1,0,0,0
corn,2,0,0,0,0,0
corner,2,4,7,8,8,8
corners,0,0,0,1,1,0
corridor,0,0,1,0,0,0
costume,1,0,0,1,0,0
costumes,1,0,0,0,0,0
couch,1,0,0,0,0,0
counter,3,0,0,0,0,0
countertop,3,2,0,1,0,0
couple,1,0,0,0,0,0
course,1,0,0,0,0,0
court,10,10,5,2,0,0
courts,1,0,0,0,0,0
courtyard,0,0,1,0,0,0
cover,0,0,0,1,0,0
covered,2,0,0,1,0,0
covering,0,0,1,0,0,0
cow,0,1,0,0,0,0
cowboy,1,0,0,0,0,0
cozy,7,9,6,6,1,4
crane,0,1,0,0,0,0
cranelike,1,0,0,0,0,0
cranes,0,1,0,0,0,0
crashing,2,0,0,0,0,0
cream,1,0,0,0,0,0
create,0,0,1,1,0,1
created,0,0,0,0,1,0
creates,0,1,4,5,5,4
creating,14,9,19,30,37,57
crescent,0,0,1,0,0,0
crisp,1,2,0,0,0,0
cross,0,0,0,0,0,1
crosscountry,1,0,0,0,0,0
crossed,0,3,1,0,1,0
crossing,0,0,1,0,0,0
crouched,0,1,0,0,0,0
crowd,0,2,0,0,0,0
crowded,1,1,0,0,0,0
cruiser,1,0,0,0,0,0
crumbly,2,0,0,0,0,0
crust,3,0,1,0,0,0
cube,1,0,0,0,0,0
cucumber,1,0,0,0,0,0
cup,0,1,0,0,0,0
cupcake,1,0,0,0,0,0
curiosity,0,0,1,0,0,0
curious,1,0,0,0,0,0
curling,0,0,1,0,0,0
curve,0,1,0,0,1,0
curved,0,0,0,0,1,0
cushions,0,1,0,0,0,0
cuts,1,1,0,0,0,0
cylindrical,0,1,0,0,0,1
daisies,0,0,0,1,0,0
dancelike,0,0,0,1,0,0
dancing,0,1,2,1,2,1
dappled,0,1,0,0,0,0
dark,24,25,49,53,39,38
darkcolored,0,0,3,5,3,1
darker,1,5,9,22,25,36
darkness,0,0,0,2,2,1
date,1,0,0,0,0,0
day,2,3,5,2,3,0
daylight,0,1,0,3,0,0
daytime,2,0,1,1,2,0
deck,0,0,1,0,0,0
decor,2,0,2,0,1,0
decorated,3,0,0,0,0,0
decoration,1,0,0,0,0,0
decorations,1,0,1,0,0,0
decorative,6,3,3,1,1,0
deep,0,1,0,3,3,12
deepdish,3,0,0,0,0,0
deeper,1,0,0,0,2,1
defined,1,0,2,4,0,2
definition,0,0,0,0,0,1
delicate,0,0,1,1,0,0
delight,1,0,0,0,0,0
demeanor,1,0,0,0,0,0
dense,6,7,4,1,2,0
denser,0,0,0,0,0,1
depiction,0,0,0,0,0,2
depicts,0,11,2,0,0,0
depth,5,8,11,14,20,24
descend,1,0,0,0,0,0
descending,1,0,0,0,0,0
design,7,10,3,5,1,2
designed,1,0,0,0,0,0
desk,4,2,0,0,0,0
desks,1,0,0,0,0,0
desktop,0,0,1,0,0,0
detail,0,0,0,1,1,1
detailed,0,1,0,1,1,0
detailing,0,0,1,0,0,0
details,1,0,6,8,7,6
device,0,1,1,0,0,0
diagonal,1,0,0,0,0,0
diagonally,0,0,1,0,0,0
diamond,2,1,0,0,1,0
different,1,0,1,1,0,0
diffuse,0,0,0,1,1,0
diffused,1,3,2,5,4,10
dim,1,0,3,1,0,0
dimensionality,0,0,0,0,0,1
dimly,5,4,2,1,1,0
dining,3,4,1,0,0,0
directed,1,0,0,0,0,0
dirt,4,1,0,0,1,0
disc,1,0,0,0,0,0
discern,0,0,0,0,0,1
discernible,0,0,1,2,0,0
discoloration,1,0,0,0,0,0
dish,4,2,0,0,0,0
display,1,1,0,1,0,0
displayed,5,2,0,0,0,0
displaying,1,2,0,0,0,0
displays,2,1,1,0,0,0
distance,2,4,3,2,5,2
distant,7,8,5,4,2,2
distinct,4,11,23,43,47,44
distinction,0,0,0,0,0,1
distinctive,6,3,1,0,0,0
distinctively,0,2,0,2,2,2
distinctly,1,1,6,3,2,5
distinguishing,0,0,1,0,0,0
distract,0,0,1,0,0,0
distractions,0,0,0,0,3,2
divided,1,0,0,0,0,0
dividing,0,0,0,0,1,0
diving,0,1,0,0,0,0
dock,0,1,0,0,0,0
document,1,0,0,0,0,0
dog,1,1,0,0,0,0
dogs,0,1,0,0,0,0
dome,0,0,1,0,0,0
dominate,0,0,0,1,0,0
dominated,0,0,0,3,2,1
dominates,0,0,3,0,0,0
dominating,1,1,5,5,10,9
dons,1,0,0,0,0,0
door,5,1,1,0,1,0
doors,1,0,0,0,0,0
doorway,0,1,1,0,0,0
dots,1,1,0,0,0,0
dotted,3,1,1,0,0,0
doubledecker,1,0,0,0,0,0
down,2,4,0,0,0,0
dramatic,5,1,0,0,0,0
draped,0,1,0,0,0,0
draw,0,0,0,0,0,1
drawing,0,1,0,2,5,3
draws,0,0,0,1,1,1
dreamlike,0,0,0,1,0,0
dreamy,0,0,3,5,23,22
dress,5,1,0,0,0,0
dressed,9,6,7,0,0,0
dresser,0,2,0,0,0,0
drift,0,0,1,0,0,0
driftwood,0,0,1,0,0,0
drink,0,1,0,0,0,0
driving,1,0,0,0,0,0
dry,1,0,0,0,0,0
dual,1,0,0,0,0,0
due,0,0,2,7,6,2
during,1,2,0,3,0,0
dusk,1,0,0,0,0,0
dynamic,15,18,13,6,8,7
each,3,0,1,4,3,6
ear,1,0,0,0,0,0
early,1,0,2,0,2,0
ears,1,1,0,0,0,0
earth,0,0,0,0,0,1
earthy,4,2,2,2,7,8
earthytoned,0,0,0,2,0,0
ease,0,1,0,0,0,0
easily,1,0,1,0,0,0
eat,2,0,0,0,0,0
eaten,1,0,1,0,0,0
eating,3,3,0,0,0,0
edge,1,3,2,2,1,0
edges,0,0,3,10,15,17
effect,2,0,8,16,20,34
effects,0,0,0,0,0,1
efficient,1,0,0,0,0,0
eggs,0,1,0,0,0,0
either,1,4,4,0,3,2
elbow,0,1,0,0,0,0
element,2,3,7,4,5,4
elements,2,3,5,5,5,5
elevated,1,0,0,0,0,0
elongated,0,1,4,1,2,0
emanating,0,0,1,1,2,2
emblem,0,0,0,1,0,0
emitting,0,0,1,0,0,0
emphasis,0,0,1,0,0,0
emphasize,0,2,0,0,0,0
emphasizes,2,2,1,1,1,0
emphasizing,7,3,2,2,3,1
energetic,1,0,0,1,2,0
energetically,0,0,0,1,1,0
energy,2,0,2,1,2,0
engaged,5,9,8,3,0,0
engaging,0,1,2,0,0,1
engraved,1,0,0,0,0,0
enhances,0,1,0,0,1,0
enhancing,0,0,0,0,1,1
enjoying,3,0,0,0,0,0
enthusiastically,1,0,0,0,0,0
entirely,0,0,0,1,0,0
entrance,3,0,0,0,0,0
environment,7,14,7,6,5,4
equipment,3,5,2,4,0,0
equipped,1,0,0,0,0,0
essence,1,0,0,0,0,0
ethereal,0,0,5,10,16,26
even,0,1,0,1,1,1
evening,2,0,1,0,0,0
event,1,7,1,0,0,0
evergreen,2,0,0,0,0,0
everyday,1,0,0,0,0,0
evocative,0,0,0,0,0,1
evokes,0,0,1,2,2,1
evoking,0,0,0,0,1,1
examine,0,1,0,0,0,0
examining,0,1,0,0,0,0
executing,1,0,0,0,0,0
exhaust,2,0,1,0,0,0
exit,1,0,0,0,0,0
expanse,2,0,2,1,1,0
expansive,1,0,2,3,0,0
experience,0,0,0,0,0,1
expression,2,2,1,0,1,1
expressions,0,0,0,0,1,0
expressway,1,0,0,0,0,0
extended,8,5,2,2,0,0
extending,0,0,2,0,0,0
exterior,1,1,0,0,0,0
exudes,0,1,0,0,0,0
exuding,1,0,0,0,0,0
eye,0,0,0,1,1,1
eyes,1,0,0,0,0,1
fabric,2,1,2,3,1,3
facade,1,3,1,0,0,0
facades,0,0,1,0,0,0
face,3,8,5,12,10,9
facial,0,1,1,2,4,1
facing,1,2,1,0,2,0
fade,0,0,0,0,0,1
faint,0,1,2,5,3,2
faintly,1,0,1,1,0,0
fairing,4,0,0,0,0,0
fallen,3,0,0,0,0,0
falling,0,0,0,0,1,0
fan,1,0,1,0,0,0
fasten,1,0,0,0,0,0
feature,1,1,0,0,0,0
featured,2,0,0,0,0,0
features,50,59,108,141,148,150
featuring,14,11,5,5,2,0
febbraio,1,0,0,0,0,0
feel,1,1,1,2,3,3
feeling,0,0,0,0,1,0
feet,1,3,0,0,0,0
fence,7,5,2,0,0,0
fender,1,0,0,0,0,0
ferry,1,0,0,0,0,0
festive,1,1,0,0,0,0
few,3,2,0,0,1,1
field,4,9,3,6,4,3
fiery,0,0,0,0,0,1
figure,3,9,14,21,23,19
figures,2,3,7,11,5,5
figurine,1,0,0,0,0,0
filled,8,3,4,0,0,0
filling,0,0,1,0,0,0
fillings,0,1,0,1,0,0
filter,1,0,0,0,3,0
filtering,0,1,0,0,0,0
fin,1,0,0,0,0,0
finely,1,0,0,0,0,0
finer,0,0,0,0,0,1
finish,1,0,0,0,0,0
fire,4,5,3,0,0,0
fireplace,1,3,0,0,0,0
fixture,0,1,1,0,0,0
flag,3,2,1,0,0,0
flagpole,1,0,0,0,0,0
flamingo,1,0,0,0,0,0
flanked,1,1,2,0,0,1
flanking,1,0,0,0,0,0
flare,1,0,0,0,0,0
flat,1,2,0,2,1,0
flight,1,1,0,0,0,0
float,0,0,1,0,0,0
floating,0,1,1,0,1,0
flood,0,0,1,0,0,0
floor,3,1,1,0,2,0
floors,1,0,0,0,0,0
floppy,0,1,0,0,0,0
floral,2,1,0,0,0,0
florets,2,1,0,0,0,0
flower,0,1,0,0,3,3
flowers,5,2,2,3,0,0
flowing,1,0,0,0,1,2
fluffy,5,0,2,0,1,0
fluid,0,0,1,0,0,1
fluidity,0,0,0,1,0,0
fluttering,1,0,0,0,0,0
flying,2,1,1,0,0,0
foam,3,3,0,0,0,0
focal,2,1,0,1,4,2
focus,4,5,16,15,22,14
focused,1,2,0,0,0,0
focusing,0,1,0,2,0,1
foggy,0,0,1,3,1,1
folding,1,0,0,0,0,0
foliage,5,5,6,1,2,5
food,4,1,0,1,0,0
foreboding,1,0,0,0,0,0
foreground,5,14,17,25,21,16
forehand,0,1,0,0,0,0
forest,1,1,3,0,3,1
forested,0,1,0,1,0,1
fork,3,0,0,0,0,0
form,0,0,4,4,3,7
formal,4,3,1,1,0,0
formation,0,0,0,0,1,0
forming,0,1,0,1,0,0
forms,0,1,0,0,0,0
forward,8,3,6,3,1,0
four,1,0,0,0,0,0
frame,1,3,6,5,7,1
framed,4,1,0,0,0,0
framing,0,0,1,0,0,0
freedom,1,0,0,0,0,0
freely,0,1,0,0,0,0
fresh,2,2,1,0,0,0
freshly,0,1,2,0,0,0
freshness,0,1,0,0,0,0
friendly,0,1,0,0,0,0
frisbee,2,0,0,0,0,0
front,14,10,9,2,1,0
frosting,1,0,0,0,0,0
fruit,1,4,5,2,1,3
fruits,1,1,4,0,0,0
frying,1,0,0,0,0,0
fullbody,1,0,0,0,0,0
fur,5,2,1,0,0,0
furniture,2,2,10,6,3,1
further,0,2,0,0,0,0
game,6,2,0,0,0,0
gaming,1,1,0,0,0,0
garden,2,0,4,1,4,4
garment,0,0,0,1,1,0
garnish,0,1,0,0,0,0
garnished,1,0,0,0,0,0
gas,1,0,0,0,0,0
gate,3,0,0,0,0,0
gates,1,0,0,0,0,0
gathered,0,1,0,0,0,0
gathering,0,3,1,0,0,0
gaze,1,0,0,0,0,0
generous,3,1,0,0,0,0
generously,1,0,0,0,0,0
gentle,2,0,5,8,10,16
gently,0,0,0,0,0,1
geometric,2,0,0,0,0,0
gesture,0,0,1,1,1,0
gesturing,0,1,2,1,0,0
girl,3,0,0,0,0,0
give,0,0,0,0,0,1
given,0,0,0,1,1,1
gives,0,0,1,1,1,5
giving,3,2,6,16,24,26
glare,1,0,0,0,0,0
glass,4,4,1,0,0,0
glasses,1,0,0,0,1,1
glides,3,1,0,0,0,0
gliding,0,2,0,0,0,0
glimpse,1,0,2,1,0,0
glistening,0,1,0,0,0,0
glow,0,3,4,4,7,10
glowing,2,2,0,2,4,1
glows,1,0,0,0,0,0
golden,1,1,1,0,4,8
goldenbrown,2,0,1,0,0,0
gown,1,0,0,0,0,0
gradient,1,0,10,25,50,83
gradients,0,0,0,0,1,3
gradually,0,0,0,0,0,1
graffiti,1,0,0,0,0,0
grainy,0,0,0,1,0,0
grand,2,0,0,0,0,0
grandeur,1,0,0,0,0,0
grapes,1,0,0,0,0,0
graphic,1,0,0,0,0,0
graphics,0,1,0,0,0,0
grass,11,3,1,1,0,2
grassy,7,6,3,0,4,0
gray,5,2,5,5,6,7
grayish,0,0,0,0,1,1
green,25,34,34,38,38,41
greenery,9,25,32,26,20,8
greenish,0,0,1,0,0,1
greens,0,0,1,0,1,3
grilled,1,2,0,0,0,0
grip,1,0,0,0,0,0
gripping,1,0,0,0,0,0
groom,1,0,0,0,0,0
ground,8,4,0,1,5,5
group,0,5,3,0,0,0
habitat,1,1,0,0,0,0
hair,5,2,2,5,4,1
half,0,0,1,0,0,0
halloweenthemed,1,0,0,0,0,0
halolike,0,0,0,1,0,0
hand,11,3,8,1,6,2
handlebars,0,0,3,0,0,0
handling,1,0,0,0,0,0
hands,6,4,5,3,1,0
handstand,0,1,0,0,0,0
hanging,4,1,0,0,0,0
hangs,1,0,1,0,0,0
hard,0,0,0,0,0,1
harmonious,0,0,0,0,1,3
harsh,0,0,0,0,1,1
hat,5,4,1,2,0,0
hats,0,1,0,0,0,0
having,0,1,0,1,0,0
hazy,0,0,0,2,2,3
head,4,3,3,2,1,1
headlight,0,2,1,0,0,0
headlights,1,0,0,0,0,0
healthy,0,1,0,0,0,0
heavy,3,1,0,0,0,0
hedge,1,0,0,0,0,0
held,1,2,0,0,0,1
helm,0,1,0,0,0,0
helmet,1,2,2,0,0,0
high,5,3,0,0,0,0
highlighting,3,2,1,5,2,3
highlights,1,1,2,2,7,2
highrise,2,0,1,0,0,0
highway,1,0,0,0,0,0
hill,0,2,2,0,1,1
hills,1,0,0,0,0,0
hillside,1,0,0,0,0,0
him,3,0,0,0,0,0
hint,0,2,15,15,16,15
hinting,1,0,0,1,0,0
hints,0,3,3,10,13,14
historical,0,0,1,0,0,0
hit,2,2,0,0,0,0
hold,0,1,0,0,0,0
holder,0,1,0,0,0,0
holding,29,16,13,4,3,1
holds,5,1,0,0,0,0
home,2,2,1,1,0,0
homely,0,0,0,1,0,0
homey,0,2,0,0,0,0
hood,2,0,0,1,0,0
hoodie,0,1,0,0,0,0
horizon,2,3,2,5,5,3
horizontal,0,0,0,0,1,1
hotel,0,0,1,0,0,0
hours,0,0,0,2,0,0
house,2,3,2,0,0,0
houses,2,0,0,0,0,0
hovers,0,0,1,0,0,0
hue,2,3,2,5,29,37
hues,0,2,12,26,23,24
human,0,0,0,1,0,0
hydrant,5,3,2,0,0,0
hydrants,1,1,1,0,0,0
identify,0,0,0,1,0,0
illuminated,4,0,0,1,0,0
illuminating,0,0,1,0,0,2
image,27,82,119,143,150,152
images,3,5,6,10,6,7
immediacy,0,0,0,1,0,0
immediately,0,0,0,2,1,2
imperceptible,0,0,1,0,0,1
imposing,0,0,1,0,0,0
impression,0,1,4,8,15,16
impressionistic,0,0,0,0,1,1
include,1,0,1,0,0,0
includes,9,28,43,35,25,13
including,9,17,5,5,5,7
ind,0,0,0,0,0,1
indicate,1,1,0,0,0,0
indicated,1,0,0,0,0,1
indicates,1,0,1,0,0,0
indicating,10,8,7,3,4,4
indigo,0,0,0,0,0,1
indistinct,0,3,7,10,12,10
individual,6,8,16,18,17,8
individuals,8,15,13,13,4,0
indoor,5,8,15,17,9,3
indoors,1,4,11,7,2,0
industrial,1,3,0,0,0,0
infield,2,1,0,0,0,0
inflatable,0,0,0,1,0,0
infrastructure,1,1,0,0,0,0
ingredients,1,2,0,0,0,0
inside,1,0,1,0,0,0
intensity,2,2,1,0,0,0
interact,0,1,0,0,0,0
interacting,1,3,0,1,0,0
interaction,0,1,3,1,0,0
interactive,0,1,0,0,0,0
interface,1,1,2,0,0,0
interior,0,1,2,3,0,0
interplay,0,0,0,1,1,1
interpreted,0,0,0,0,1,0
intersection,1,0,0,0,0,0
intimacy,0,0,0,1,1,1
intimate,0,3,1,1,1,3
intricate,4,1,2,0,1,1
intriguing,1,0,0,0,0,0
inviting,2,1,2,2,4,5
involves,0,0,3,0,0,0
involving,1,0,0,1,0,1
inward,0,0,0,1,1,1
irregular,0,0,0,1,1,0
island,0,0,1,0,0,0
isolated,0,0,0,0,1,0
item,2,2,6,2,2,1
items,8,6,2,1,0,0
itself,1,0,0,0,0,0
jacket,7,6,7,8,1,1
jackets,0,1,0,0,0,0
jars,1,0,0,0,0,0
jeans,1,1,2,0,1,0
jet,2,0,0,0,0,0
jewelry,0,0,1,0,1,1
joints,0,1,0,0,0,0
joyful,1,0,0,0,0,0
jump,5,5,1,0,0,0
jumping,0,0,1,0,0,0
just,1,0,0,0,1,0
kayaking,0,0,1,0,0,0
kernels,2,0,0,0,0,0
keyboard,1,0,0,0,0,0
kitchen,7,3,3,1,0,0
kitchenette,1,0,0,0,0,0
kite,2,4,0,0,0,0
kiteboarder,3,0,0,0,0,0
kiteboarders,1,0,0,0,0,0
kiteboarding,1,3,0,0,0,0
kites,1,1,0,0,0,0
knee,2,0,0,0,0,0
kneels,1,0,0,0,0,0
knot,0,1,0,0,0,0
lack,0,0,0,0,1,0
lacking,0,0,0,0,1,3
lacks,0,1,0,1,3,2
lake,1,1,0,0,1,1
lamp,0,4,3,0,0,0
land,0,0,0,2,0,0
landmarks,0,0,0,0,1,0
landmass,0,0,1,0,0,0
landscape,4,4,4,10,6,7
lap,1,1,0,0,0,0
laptop,1,0,1,0,0,0
laptops,2,0,0,0,0,0
large,16,10,6,4,2,0
larger,0,0,2,2,1,0
late,1,0,2,0,2,0
laughing,1,0,0,0,0,0
lawn,0,4,1,0,0,0
lawns,1,0,0,0,0,0
layer,3,1,0,0,0,0
layered,0,0,0,0,0,1
layering,0,1,0,0,0,0
layers,1,0,4,1,0,0
layout,1,1,0,0,0,0
leading,2,2,1,1,1,0
leads,1,0,0,0,0,0
leaf,0,0,0,1,0,0
leafy,0,1,3,0,0,2
leaning,3,6,3,1,1,0
leans,1,0,0,0,0,0
leaping,0,0,1,0,0,0
leaps,1,0,0,0,0,0
learning,1,0,0,0,0,0
leaves,4,2,2,0,1,0
leaving,2,2,0,0,0,0
left,6,6,5,5,7,6
leg,1,1,0,1,0,0
legs,1,1,0,0,1,0
lens,1,0,0,0,2,0
less,0,0,2,2,1,0
letters,4,0,0,0,0,0
lettuce,0,2,5,1,0,0
levels,0,0,0,1,1,0
lies,1,0,0,0,0,0
life,0,0,1,0,0,0
light,14,17,27,28,35,47
lightcolored,4,7,16,19,19,6
lighted,0,0,1,0,0,0
lighter,1,5,9,26,31,42
lightercolored,0,0,1,0,0,0
lighting,3,9,19,23,26,12
lightly,0,1,0,0,0,0
lights,5,4,1,0,0,0
like,1,3,9,3,3,2
likely,0,4,0,2,0,0
line,1,6,1,3,3,2
lined,2,1,0,0,0,0
lines,2,2,2,0,0,1
liquid,0,1,1,0,0,0
lit,8,5,3,3,1,0
livedin,1,1,1,0,0,0
lively,3,3,2,0,1,0
living,5,2,3,1,2,0
lobby,0,0,1,0,0,0
location,0,0,1,0,0,0
logo,4,0,0,0,0,0
london,2,0,0,0,0,0
lone,4,0,0,0,0,0
long,3,0,0,1,0,0
longboard,1,0,0,0,0,0
look,4,0,0,0,0,0
looking,2,1,0,0,1,0
looks,0,1,2,1,1,1
lounge,2,1,0,0,0,0
lounges,1,0,0,0,0,0
loveseat,1,0,0,0,0,0
lower,2,2,1,0,3,3
luggage,1,0,0,0,0,0
luminous,0,0,1,0,1,0
lush,10,11,6,1,2,0
lying,0,1,0,0,0,0
machinery,0,2,0,1,0,0
made,0,1,1,1,0,0
major,0,1,0,0,0,0
make,0,0,0,1,1,0
maker,1,0,0,0,0,0
makes,0,0,3,4,2,3
making,3,3,11,5,3,3
man,6,0,0,0,0,0
mane,1,0,0,0,0,0
maneuver,4,2,0,0,0,0
maneuvering,0,1,0,0,0,0
mango,1,1,0,0,0,1
manmade,0,1,0,0,0,0
manner,0,0,0,0,0,2
manor,1,0,0,0,0,0
marked,3,1,0,0,0,0
marker,0,1,1,0,0,0
market,0,1,0,0,0,0
marking,0,2,0,0,0,0
markings,1,0,0,0,0,0
maroon,1,0,0,0,0,0
mask,0,0,0,1,0,0
match,1,1,0,1,0,0
matching,2,2,0,0,0,0
material,0,0,1,1,1,1
materials,0,1,0,0,0,1
mcdonalds,1,0,0,0,0,0
meadow,1,0,1,0,0,0
meal,2,1,0,0,0,0
meat,1,5,0,1,0,0
medium,0,0,1,0,0,0
medley,1,0,0,0,0,0
melancholy,0,0,0,0,1,0
melted,2,0,0,0,0,0
metal,3,2,0,0,0,0
metallic,1,0,0,0,0,0
metalwork,1,0,0,0,0,0
metro,0,1,0,0,0,0
microphone,0,1,0,0,0,0
midaction,2,1,1,1,0,0
midair,11,14,1,0,0,0
midconversation,1,0,0,0,0,0
middle,1,0,0,1,0,2
midmotion,0,1,0,0,0,0
midstride,2,1,1,1,0,0
midswing,3,3,1,0,0,0
midturn,1,1,0,0,0,0
might,1,5,6,5,5,1
minimalism,0,0,1,0,1,0
minimalist,0,0,0,3,4,3
minimalistic,0,0,0,2,4,2
mirror,1,0,1,0,0,0
misty,0,0,0,2,0,1
mix,12,16,21,28,31,29
mobile,2,0,0,0,0,0
model,0,1,1,0,0,0
modern,10,3,4,0,0,0
moment,0,3,0,0,1,0
monitor,2,2,0,0,0,0
monkey,4,0,0,0,0,0
monkeys,2,0,0,0,0,0
monochromatic,0,0,0,0,0,1
monument,0,1,1,2,0,0
mood,0,1,0,0,1,0
moody,2,0,0,1,0,0
moon,0,0,1,0,0,0
more,0,4,1,6,4,8
morning,1,0,2,0,2,0
mostly,0,1,1,1,0,0
motion,8,17,19,18,8,7
motorboat,1,0,0,0,0,0
motorcycle,4,5,4,0,0,0
motorcycles,0,0,1,0,0,0
motorcyclists,1,0,0,0,0,0
mound,2,1,0,0,0,0
mountain,2,1,1,0,0,0
mountains,4,1,0,0,0,0
mounted,5,3,4,0,0,0
mouse,1,0,0,0,0,0
mouth,3,1,0,0,0,0
move,0,1,0,0,0,0
movement,5,10,9,7,4,6
moving,0,3,1,1,1,0
mugs,1,0,0,0,0,0
multicolored,1,0,0,1,0,0
multifunctional,1,0,0,0,0,0
multilane,1,0,0,0,0,0
multiple,0,5,1,1,0,0
mural,1,0,0,0,0,0
mushrooms,1,0,0,0,0,0
muted,3,2,9,13,17,19
mysterious,0,0,1,1,1,0
mystery,0,0,1,2,4,2
mystical,0,0,0,0,1,0
napkin,1,0,0,0,0,0
narrow,0,1,1,0,0,0
natural,5,11,16,15,15,15
nature,0,2,0,1,1,0
natures,1,0,0,0,0,0
navigating,2,1,0,0,0,0
navy,0,0,0,0,0,1
near,9,10,10,4,8,5
nearby,3,2,2,2,0,0
neat,1,0,0,0,0,0
neatly,8,5,1,0,0,0
neck,1,0,0,0,0,0
neckerchief,1,0,0,0,0,0
necklace,0,0,0,1,0,0
nestled,2,1,0,0,0,0
net,3,1,1,0,0,0
neutral,0,3,3,3,3,0
next,3,0,0,0,0,0
nicely,1,1,0,0,0,0
night,0,1,0,0,0,0
nightstand,0,0,1,0,0,0
nighttime,2,0,1,0,0,0
nose,1,1,0,0,0,0
note,1,0,0,0,0,0
noticeable,1,0,2,3,3,2
number,2,0,0,0,0,0
numerous,1,1,0,0,0,0
nuts,0,0,1,0,0,0
object,2,23,59,35,26,19
objects,0,4,6,16,15,14
obscured,1,4,2,2,0,1
obscures,0,0,0,0,0,1
obscuring,0,3,1,0,1,1
obscurity,0,0,0,0,1,0
observing,0,1,1,0,0,0
obstacle,0,0,1,0,0,0
ocean,11,7,3,3,1,1
oceans,0,1,0,1,0,0
octagonal,3,0,0,0,0,0
off,2,0,0,0,0,0
offcamera,0,0,0,0,1,0
offcenter,0,1,1,1,2,0
office,1,0,0,2,0,0
olympic,1,0,0,0,0,0
olympics,1,0,0,0,0,0
ominous,1,1,0,0,0,0
one,20,16,21,17,18,16
onions,1,0,0,0,0,0
onto,1,0,1,0,0,0
open,7,5,2,6,2,1
openair,0,0,0,0,1,0
opentop,1,0,0,0,0,0
options,1,0,0,0,0,0
orange,7,12,14,16,21,26
orangecolored,1,0,0,0,0,0
oranges,1,0,2,0,0,0
orangetoned,0,0,0,0,1,0
orb,0,0,0,0,1,0
organic,0,0,0,1,1,0
organization,1,0,0,0,0,0
organized,1,0,0,0,0,0
other,18,22,17,26,14,15
others,1,1,5,2,1,1
otherwise,2,0,1,0,0,1
otherworldly,0,0,0,1,1,0
ottoman,1,0,0,0,0,0
out,10,12,18,19,13,15
outcrop,0,1,0,0,0,0
outdoor,6,18,21,15,18,16
outdoors,2,4,7,8,11,4
outfield,1,0,0,0,0,0
outfit,10,14,11,10,9,1
outfits,0,1,0,0,0,0
outline,0,0,0,2,1,1
outoffocus,0,0,2,2,1,2
outside,1,0,0,0,0,0
outstretched,0,2,2,0,0,0
outward,0,0,2,0,1,1
oven,2,1,0,0,0,0
over,6,11,3,1,2,0
overall,2,10,30,41,61,64
overcast,1,0,1,4,0,0
overhead,3,1,0,0,0,0
overpass,1,1,0,0,0,0
packed,0,0,0,1,0,0
paddle,3,0,1,0,0,0
pads,2,0,0,0,0,0
painted,2,0,1,0,0,0
painting,0,1,1,0,0,0
pair,1,1,0,0,0,1
paired,3,1,0,0,0,0
pale,0,1,0,1,1,3
palette,0,0,1,5,3,6
pan,1,0,0,0,0,0
paneling,1,0,0,0,0,0
panels,1,0,0,0,0,0
pants,4,4,9,14,7,2
paper,0,0,0,1,1,1
paragliding,0,1,0,0,0,0
parallel,0,1,0,0,0,0
park,3,4,4,4,6,4
parked,10,6,2,0,0,0
parklike,1,3,2,1,0,0
parsley,0,1,0,0,0,0
part,3,6,5,2,1,0
partially,6,13,6,4,2,3
participation,1,0,0,0,0,0
particular,0,0,0,0,0,1
partly,2,2,0,0,0,0
party,1,0,0,0,0,0
passenger,1,0,0,0,0,0
passengers,1,0,0,0,0,0
passing,1,0,0,0,0,0
pastel,0,0,1,0,0,8
pastelcolored,0,0,0,1,1,0
patch,1,0,0,2,0,1
patches,1,0,1,0,0,0
patchwork,1,0,0,0,0,0
path,2,3,2,0,1,0
pathway,0,0,0,1,0,0
pathways,1,0,0,0,0,0
patriotic,0,1,0,0,0,0
pattern,6,2,2,5,6,7
patterned,4,6,3,1,2,1
patterns,3,1,1,1,0,5
paved,6,3,6,3,0,0
pavement,0,2,0,0,0,0
paving,1,0,0,0,0,0
paws,1,2,0,0,0,0
peaceful,2,1,0,1,0,0
peak,1,1,0,0,0,0
pedestrians,1,0,0,0,0,0
people,6,5,3,1,1,1
pepsi,1,0,0,0,0,0
perched,1,2,0,0,0,0
perches,0,1,0,0,0,0
perfect,0,1,0,0,0,0
performance,1,0,0,0,0,0
performing,9,9,0,0,1,0
perhaps,0,0,0,0,2,0
person,16,41,54,51,44,13
personal,0,1,0,0,1,0
personality,0,0,1,0,0,0
persons,0,0,3,6,7,6
perspective,1,1,1,0,0,0
pet,0,0,1,0,0,0
petals,0,1,0,0,0,0
phone,2,1,1,1,0,0
phones,1,0,0,0,0,0
photo,0,0,0,0,1,0
photograph,1,0,0,0,1,0
physical,0,0,0,1,0,1
picked,0,0,1,0,0,0
picking,0,1,0,0,0,0
picture,1,1,0,0,0,0
pictures,1,0,0,0,0,0
picturesque,1,0,0,0,0,0
piece,3,5,12,8,6,3
pieces,1,0,1,0,0,0
pier,0,2,0,0,0,0
pillow,1,0,0,0,0,0
pillows,0,1,0,0,0,0
pink,7,7,8,6,6,11
pinkish,0,0,0,0,0,1
pinks,0,0,1,1,1,1
pipe,0,0,1,0,0,0
pitcher,2,1,0,0,0,0
pitchers,0,1,0,0,0,0
pizza,4,0,0,0,0,0
place,0,0,0,1,0,0
placed,6,1,6,1,0,0
placemat,1,0,0,0,0,0
placemats,1,0,0,0,0,0
placement,0,0,1,0,0,0
plaid,3,0,0,0,0,0
plain,3,3,3,1,1,1
plane,3,0,0,0,0,0
planes,2,0,0,0,0,0
planet,0,0,1,0,0,0
plant,3,2,1,1,2,4
planted,2,0,0,0,0,0
plants,2,0,0,1,0,0
plastic,1,0,0,0,0,0
plate,8,9,1,0,0,0
platform,4,1,0,0,0,0
player,5,7,2,0,0,0
players,6,5,3,0,0,0
playful,1,0,0,0,0,0
playfully,1,0,0,0,0,0
playground,0,1,0,1,0,0
playpen,1,0,0,0,0,0
plush,3,2,1,1,0,0
point,3,0,0,1,4,2
points,1,0,0,0,1,0
poised,0,1,0,0,0,0
pole,3,2,5,1,1,0
poles,5,3,0,1,1,0
polished,0,1,0,0,0,0
polka,1,0,0,0,0,0
polkadot,1,0,0,0,0,0
polo,1,0,0,0,0,0
pony,2,0,0,0,0,0
ponytail,2,0,0,0,0,0
pool,0,0,0,1,0,0
pop,1,1,0,0,0,0
portion,2,1,0,1,2,1
portrait,0,0,0,0,1,0
pose,3,1,6,3,4,1
poses,0,0,0,1,0,0
position,0,1,1,0,0,0
positioned,10,9,10,5,3,0
positioning,0,1,0,0,0,0
positions,1,0,0,0,0,0
possible,0,0,1,0,1,1
possibly,5,39,58,54,39,30
post,1,0,0,0,0,0
posture,3,1,6,8,2,0
pot,0,1,0,0,0,0
potted,1,0,0,0,0,0
power,1,0,0,0,0,0
powerful,1,1,0,0,0,0
powerfully,0,1,0,0,0,0
practice,0,0,0,1,0,0
precautions,0,0,1,0,0,0
precision,1,0,0,0,0,0
predominantly,1,0,1,3,4,3
preparation,0,3,0,0,0,0
prepared,0,1,0,0,0,0
preparing,5,6,1,1,0,0
presence,0,0,1,2,1,0
present,0,1,4,2,7,10
presentation,3,3,0,0,0,0
presents,0,0,0,0,1,0
primarily,0,0,2,2,0,3
printed,1,0,0,0,0,0
products,0,1,0,0,0,0
profile,1,0,0,0,0,1
progress,2,0,0,0,0,0
prominent,9,10,25,32,35,39
prominently,15,9,7,3,4,1
pronounced,0,0,0,1,0,1
protection,1,0,0,0,0,0
protective,1,0,0,0,0,0
protein,0,1,0,0,0,0
providing,1,0,1,0,1,1
proximity,1,0,2,1,0,0
pumpkin,1,0,0,0,0,0
puppy,1,0,0,0,0,0
pure,1,0,0,0,0,0
purple,7,2,4,3,6,6
purples,0,0,1,1,1,2
purpose,1,0,0,0,0,0
qr,1,0,0,0,0,0
quadrant,1,0,0,0,0,0
quaint,2,1,0,0,0,0
quality,0,0,4,11,28,25
quiet,1,0,0,0,0,0
quilt,1,0,0,0,0,0
quite,0,0,0,1,0,0
racket,7,5,2,0,0,0
radiating,0,0,0,0,1,1
railing,1,1,1,0,0,0
rainbowlike,0,0,1,0,0,0
raised,3,2,3,2,3,1
raising,0,2,1,0,0,0
ramp,0,1,0,0,0,0
range,3,0,0,0,0,0
rather,0,0,0,0,3,2
reaching,0,0,0,1,0,1
readiness,1,0,0,0,0,0
reads,1,0,0,0,0,0
ready,3,2,0,0,0,0
realistic,0,0,0,0,0,1
rear,2,2,0,0,0,0
receive,0,1,0,0,0,0
recognizable,0,0,1,1,0,0
recreational,0,0,1,1,0,0
rectangular,2,1,1,3,0,0
red,47,39,30,35,26,26
reddish,0,1,1,0,2,1
reddishbrown,0,1,1,0,1,0
reds,0,0,0,1,0,1
reflecting,0,0,3,1,0,1
reflection,0,0,0,1,0,0
reflections,0,0,1,0,0,0
refrigerator,2,2,0,0,0,0
region,0,0,0,0,0,2
relative,0,0,0,0,1,0
relatively,1,0,0,0,0,0
relaxation,0,1,0,0,0,0
relaxed,2,3,3,0,2,0
relaxing,1,0,0,0,0,0
remain,0,0,0,1,0,0
remains,0,0,0,0,0,1
remote,1,0,0,0,0,0
repeating,0,1,0,0,0,0
representation,0,0,0,0,0,3
resemble,0,1,0,0,0,0
resembles,0,0,2,0,2,3
resembling,0,2,4,6,2,1
residential,1,2,1,0,0,0
respective,1,0,0,0,0,0
rest,0,0,1,0,0,0
resting,5,4,0,1,0,0
rests,2,0,0,0,0,0
retail,0,1,0,0,0,0
retaining,0,1,0,0,0,0
return,2,1,0,0,0,0
returning,0,1,1,0,0,0
revealing,1,0,1,0,0,0
ribbon,1,0,0,0,0,0
rice,1,1,0,0,0,0
rich,3,0,0,1,1,4
ride,2,0,0,0,0,0
riders,0,1,0,0,0,0
rides,2,0,0,0,0,0
riding,2,1,1,0,0,0
right,7,8,10,8,6,6
rings,1,0,0,0,0,0
ripples,1,1,1,1,0,0
river,0,1,1,0,0,1
riverbank,1,0,0,0,0,0
road,5,4,2,2,0,0
roasted,1,0,0,0,0,0
rock,0,0,0,1,0,0
rocks,2,2,0,0,0,0
rocky,0,3,0,0,0,0
roller,0,2,0,0,0,0
roof,1,3,1,1,0,0
room,10,5,6,5,2,0
roses,1,0,0,1,0,0
rosy,0,1,0,0,0,0
rough,0,0,0,1,0,2
round,1,0,3,1,1,0
rounded,0,1,0,5,2,4
row,2,2,0,0,0,0
rows,1,0,0,0,0,0
ruffled,1,0,0,0,0,0
rugged,1,0,0,0,0,0
running,1,0,3,4,1,0
rural,0,1,0,0,1,1
rustic,6,0,3,1,0,0
safety,1,1,1,0,0,0
salad,0,0,1,0,0,0
sand,2,3,3,1,3,2
sandwich,3,7,6,1,0,0
sandy,5,8,4,8,4,5
santa,0,1,0,0,0,0
sari,1,0,0,0,0,0
satellite,0,0,1,0,0,0
sauce,5,2,0,0,0,0
scale,2,1,0,0,0,0
scattered,5,6,5,4,4,2
scene,46,47,51,33,34,24
scenes,0,0,0,0,1,0
scenic,1,0,0,0,0,0
scheme,0,2,0,1,0,0
scoreboard,1,0,0,0,0,0
scratches,1,0,0,0,0,0
screen,2,4,3,1,0,0
sea,3,0,1,0,2,1
seamlessly,0,0,0,2,1,7
seaside,0,1,0,0,0,0
seasoned,0,1,0,0,0,0
seat,1,0,0,0,0,0
seated,7,6,5,2,0,0
seating,1,0,1,0,0,0
seats,0,1,0,0,0,0
seclusion,0,0,0,1,0,0
section,1,2,0,1,0,0
sectional,1,0,0,0,0,0
sections,3,1,1,1,1,0
seeds,1,0,0,0,0,0
seem,0,1,2,2,0,0
seemingly,5,4,3,1,0,0
seems,0,3,7,2,1,1
seen,0,5,1,0,0,0
sense,1,5,8,12,12,18
separate,1,0,0,0,0,0
separating,0,0,0,1,2,2
serene,6,5,10,10,14,18
serve,2,4,0,0,0,0
served,5,2,1,0,0,0
service,1,0,0,0,0,0
serving,0,0,1,0,0,0
sesame,1,0,0,0,0,0
session,1,0,0,1,0,0
set,8,7,23,26,9,10
sets,0,0,0,1,0,0
setting,32,48,51,42,41,30
settings,0,0,2,0,0,0
setup,1,2,1,0,0,0
several,2,0,0,0,0,0
shade,0,0,1,4,8,10
shades,2,4,4,10,21,27
shading,0,1,1,0,0,1
shadow,1,1,1,3,3,2
shadowed,0,0,0,0,0,2
shadows,2,4,1,1,4,3
shadowy,1,1,0,0,1,0
shaggy,0,0,1,0,0,0
shallow,0,1,0,1,0,0
shape,0,2,15,32,25,30
shaped,0,1,0,0,0,0
shapes,1,3,12,14,19,22
sharp,1,0,0,3,6,5
sharper,0,0,0,2,0,0
sharply,10,6,7,5,5,9
she,4,0,0,0,0,0
sheeplike,1,0,0,0,0,0
shelf,0,2,0,0,0,0
shelves,3,4,0,1,0,0
shelving,2,0,0,0,0,0
shes,1,0,0,0,0,0
shift,0,0,1,0,0,1
shirt,23,14,16,15,8,1
shirts,0,1,0,0,0,0
shoes,1,0,0,0,1,0
shopping,0,2,0,0,0,0
shore,0,0,1,0,0,0
shoreline,3,2,0,1,0,0
shores,1,0,0,0,0,0
short,0,0,1,2,2,1
shorts,6,7,4,0,0,0
shot,4,4,1,0,0,0
shoulder,1,0,1,0,2,0
shoulders,0,0,0,0,0,1
show,0,0,1,1,1,0
showcases,11,18,4,0,0,0
showcasing,4,2,0,1,0,1
showing,0,1,0,2,1,0
shows,7,13,4,0,1,0
shredded,1,0,0,0,0,0
shrubs,1,0,0,0,0,0
shutters,1,0,0,0,0,0
side,17,14,13,6,6,4
sides,2,0,0,0,0,0
sidewalk,2,0,0,0,0,0
sight,0,0,0,1,0,0
sign,13,7,8,1,0,0
signage,1,0,0,0,0,0
signal,0,2,0,0,0,0
signboard,1,1,0,0,0,0
significant,1,0,1,1,0,0
signs,1,0,0,0,0,0
silhouette,3,2,4,5,3,2
silhouetted,1,0,0,1,0,0
silhouettes,0,1,0,0,1,1
similar,2,2,6,2,6,4
simple,4,1,2,3,3,4
simplicity,0,0,0,2,1,0
single,3,2,1,0,0,0
singlestory,0,1,0,0,0,0
sink,3,0,0,0,0,0
sit,2,0,0,0,0,0
site,0,1,0,0,0,0
sits,15,8,2,0,0,0
sitting,3,3,3,0,2,0
situated,0,1,0,0,0,0
size,0,0,0,1,0,0
sizes,0,0,0,0,1,0
skateboard,3,3,0,0,0,0
skateboarder,4,2,0,0,0,0
skateboarders,2,0,0,0,0,0
skateboarding,2,0,0,0,0,0
skater,2,0,0,0,0,0
skaters,1,0,0,0,0,0
skates,0,2,0,0,0,0
ski,5,5,0,0,0,0
skier,10,9,0,0,0,0
skiers,4,4,0,0,0,0
skies,2,2,1,0,0,0
skiing,3,2,1,0,0,0
skill,0,1,0,0,0,0
skillful,0,1,0,0,0,0
skillfully,0,1,0,0,0,0
skin,1,0,1,1,1,3
skirt,1,0,0,0,0,0
skis,2,1,0,0,0,0
sky,30,36,24,28,20,14
slalom,1,0,0,0,0,0
sleek,5,1,2,0,0,0
sleeping,1,0,0,0,0,0
sleeveless,3,2,0,0,0,0
slender,1,1,1,1,0,0
slice,4,2,2,0,0,0
sliced,1,0,0,0,0,0
slices,2,3,0,0,0,0
slide,0,0,1,1,0,0
sliding,0,1,0,0,0,0
slight,0,0,1,4,0,3
slightly,7,12,9,20,23,12
slope,6,3,0,0,0,0
sloped,0,1,0,0,0,0
slung,1,0,0,0,0,0
small,19,16,17,9,7,3
smaller,3,1,2,1,0,0
smash,1,0,0,0,0,0
smiling,1,0,0,0,0,0
smooth,0,1,2,4,6,7
smoothly,0,0,1,6,16,19
smoothness,0,0,0,0,0,1
snack,0,1,0,0,0,0
snow,5,6,0,0,0,0
snowboard,0,1,0,0,0,0
snowboarder,2,0,0,0,0,0
snowboarding,1,0,0,0,0,0
snowcapped,1,0,0,0,0,0
snowcovered,6,2,0,0,0,0
snowfall,1,0,0,0,0,0
snowy,6,7,0,0,0,0
soaring,0,1,0,0,0,0
soars,5,0,0,0,0,0
social,0,2,1,0,0,0
socks,1,0,0,0,0,0
sofa,3,1,2,0,0,0
soft,2,4,24,36,64,96
softer,0,0,4,8,5,5
softly,0,0,0,5,6,4
softness,0,0,1,1,0,0
solid,3,1,0,0,0,1
solitary,0,1,0,0,0,0
solitude,1,0,0,0,0,0
solutions,2,0,0,0,0,0
some,10,17,21,10,4,4
something,0,5,3,3,1,0
somewhat,1,2,2,2,6,2
soothing,0,0,0,0,0,2
source,0,2,4,2,7,3
space,7,4,5,3,1,0
spacious,1,0,0,0,0,0
sparse,1,0,0,0,0,0
speaking,0,1,1,0,0,0
specific,0,0,0,1,0,2
spectators,3,0,0,0,0,0
speed,2,2,2,0,0,0
speedboat,3,1,0,0,0,0
sphere,0,0,0,3,0,0
spherical,0,0,0,0,1,0
splash,1,0,1,0,0,0
splashes,0,0,1,0,0,0
splashing,1,0,0,0,0,0
sport,0,0,2,0,0,0
sportbike,0,0,1,0,0,0
sporting,0,1,0,0,0,0
sports,2,2,0,2,0,0
sporty,2,0,0,0,0,0
spot,0,1,0,1,2,4
spots,0,0,1,1,0,0
sprawling,1,0,0,0,0,0
spray,4,0,0,0,0,0
spraying,1,0,0,0,0,0
sprig,0,1,0,0,0,0
sprinkles,1,0,0,0,0,0
square,1,0,0,1,1,0
squirrel,0,1,0,0,0,0
stacked,1,0,0,0,0,0
stadium,1,1,0,0,0,0
stainless,2,0,0,0,0,0
staircase,1,0,1,0,0,0
stance,1,3,2,3,0,0
stand,4,4,11,8,6,5
standard,1,0,0,0,0,0
standing,8,10,25,44,28,15
stands,27,18,9,6,3,2
star,1,0,0,0,0,1
stark,2,1,1,4,3,3
stars,0,0,1,0,0,0
static,0,0,0,1,0,0
station,3,1,0,0,0,0
stationary,0,0,1,0,0,0
steady,1,0,0,0,0,0
steak,0,1,0,0,0,0
steamed,2,1,0,0,0,0
steel,2,0,0,0,0,0
steep,1,0,0,0,0,0
stem,0,0,0,1,0,0
steps,1,0,0,0,0,0
still,0,0,0,1,0,0
stocked,0,1,0,0,0,0
stone,1,1,0,2,0,0
stools,1,0,0,0,0,0
stop,4,4,0,1,0,0
storage,4,1,0,0,0,0
store,0,1,0,0,0,0
stove,2,2,0,0,0,0
streak,0,0,0,1,0,3
streaks,0,1,0,0,0,0
stream,0,1,0,0,0,0
streaming,0,1,0,0,0,0
streamlined,0,1,0,0,0,0
street,5,3,1,0,0,0
streetlights,1,1,0,0,0,0
streets,1,0,0,0,0,0
stretches,2,0,0,0,0,0
stretching,1,1,1,0,0,1
striking,2,1,5,2,1,3
string,2,1,0,0,0,0
strip,1,0,0,0,0,0
stripe,0,1,0,0,0,0
striped,5,0,0,1,0,0
stripes,1,4,0,0,0,0
stroke,0,1,0,0,0,0
strong,0,1,0,1,0,0
structural,1,0,0,0,0,0
structure,2,13,21,14,4,1
structures,2,3,2,3,1,1
studio,0,0,0,0,1,0
study,0,1,0,0,0,0
stuffed,1,0,0,0,0,0
style,0,0,0,0,1,1
styled,0,1,0,0,0,0
stylish,1,0,0,0,0,0
stylized,0,0,0,0,1,2
subdued,0,0,1,1,2,2
subject,0,2,0,4,5,4
subjects,0,0,2,1,7,3
submerged,0,0,1,0,0,0
subtle,0,1,7,14,24,40
subtly,1,1,0,0,1,3
suburban,4,1,0,0,0,0
subway,1,1,0,0,0,0
suggest,0,3,1,2,2,2
suggested,0,0,1,0,0,0
suggesting,20,46,41,34,29,17
suggestion,0,0,0,0,1,0
suggests,4,14,21,18,20,16
suit,6,5,2,1,0,0
suitcase,1,0,0,0,0,0
sun,1,0,0,0,0,0
sunburstlike,0,0,0,0,1,0
sunflower,1,0,0,0,0,0
sunglasses,2,0,0,0,2,0
sunlight,3,1,0,0,0,0
sunlike,0,0,0,0,0,1
sunlit,1,0,0,0,0,0
sunny,1,3,3,2,2,0
sunrise,0,1,1,0,0,0
sunset,0,1,2,0,0,1
support,1,0,0,0,0,0
supportive,0,1,0,0,0,0
surface,6,18,19,11,11,5
surfboard,6,2,0,0,0,0
surfboards,1,2,0,0,0,0
surfer,5,5,1,0,0,0
surfers,1,3,1,0,0,0
surfing,0,1,2,0,0,0
surprised,1,0,0,0,0,0
surrounded,21,6,12,14,20,18
surrounding,3,3,7,13,7,13
surroundings,5,5,6,8,7,1
swimwear,1,0,0,0,0,0
swing,0,0,1,1,0,0
swinging,1,0,0,0,0,0
swirling,0,0,0,1,1,0
symmetrical,0,0,1,0,0,2
system,1,0,0,0,0,0
table,7,6,4,1,0,0
tablecloth,5,0,2,0,0,0
tactile,1,0,0,1,0,0
tag,0,0,0,0,1,0
tail,6,1,0,0,0,0
taken,0,0,3,0,0,0
taking,1,0,0,1,0,0
talking,0,1,0,0,0,0
tall,7,3,2,2,1,0
taller,0,0,0,1,0,0
tape,1,0,0,0,0,0
tarmac,3,2,0,0,0,0
teal,0,0,0,0,3,3
teddy,4,2,0,0,0,0
television,3,1,0,0,0,0
tennis,13,9,6,2,0,0
terminal,2,0,0,0,0,0
terracotta,0,1,0,0,0,0
terrain,0,0,0,0,0,1
text,5,2,4,0,0,0
texture,0,2,5,5,4,13
textured,4,2,4,3,4,5
textures,1,1,1,1,1,1
them,8,8,10,3,2,3
theres,3,8,9,13,7,9
thick,3,1,1,0,0,0
though,0,0,0,0,0,3
through,10,7,2,0,1,0
throughout,0,0,0,0,1,1
throw,2,1,0,0,0,0
tie,8,9,3,1,0,0
tied,2,0,0,0,0,0
tiered,1,0,0,0,0,0
ties,2,0,0,0,0,0
tile,1,0,0,0,0,0
tiled,2,0,0,0,0,0
tilted,3,1,0,3,2,0
tint,0,0,0,0,1,0
tires,1,0,0,0,0,0
toasted,0,1,1,0,0,0
together,0,4,1,5,3,3
tomato,0,3,4,0,0,0
tomatoes,0,1,0,0,0,0
tone,1,2,9,5,9,17
tones,9,9,26,33,43,44
tool,0,0,0,0,1,1
top,6,13,17,21,29,41
topmost,0,1,0,0,0,0
topped,4,1,0,0,0,0
topping,2,0,0,0,0,0
toppings,1,0,0,0,0,0
torso,1,0,1,0,0,0
touch,7,3,1,1,0,1
tour,1,0,0,0,0,0
touring,1,0,0,0,0,0
towards,5,4,2,10,16,28
towels,1,0,0,0,0,0
tower,2,1,0,3,0,0
toy,1,2,2,2,1,0
toys,2,1,0,0,0,0
track,0,1,0,0,0,0
tracks,1,0,0,0,0,0
traditional,2,1,0,0,0,0
traffic,2,2,0,0,0,0
trail,2,2,0,0,0,0
trailing,1,0,0,0,0,0
train,5,2,0,0,0,0
trains,1,1,0,0,0,0
tranquil,1,0,1,0,0,1
tranquility,1,0,2,1,2,2
transition,0,0,2,1,7,4
transitioning,0,1,1,14,25,53
transitions,0,0,1,1,4,4
translucent,0,0,0,0,1,0
trash,0,0,1,0,0,0
treat,1,0,0,0,0,0
tree,2,9,1,4,3,1
trees,18,10,12,5,6,6
triangular,0,0,1,0,0,0
trick,3,4,0,0,0,0
trimmed,1,1,0,0,0,0
truck,0,1,0,0,0,0
trunk,1,2,0,0,0,0
tucked,1,0,0,0,0,0
tuft,1,0,0,0,0,0
tunnel,1,0,0,0,0,0
turkey,1,0,0,0,0,0
turn,0,1,0,0,0,0
turned,1,0,2,1,1,0
two,18,15,15,9,5,4
type,0,1,0,0,0,0
typical,1,2,0,0,1,1
umbrellas,4,4,2,0,0,0
umpire,2,0,0,0,0,0
under,15,3,3,3,1,0
underbelly,0,0,1,0,0,0
underneath,0,0,1,0,0,0
underside,1,1,0,0,0,0
uniform,1,1,0,2,2,3
uniformity,0,0,0,0,0,1
uniforms,1,0,0,0,0,0
unique,1,0,0,0,0,0
uniquely,0,0,1,2,0,1
unobstructed,0,1,0,0,0,0
up,2,2,0,0,0,0
upper,2,1,8,13,10,6
upright,0,1,1,1,0,2
upward,2,0,0,0,0,0
upwards,1,2,0,1,0,0
urban,13,10,3,1,2,1
use,1,0,0,0,0,0
utensils,2,1,0,0,0,0
utilitarian,1,0,0,0,0,0
van,1,1,0,0,0,0
vanity,2,0,0,0,0,0
vantage,1,0,0,0,0,0
variations,0,0,1,1,2,3
varied,0,0,1,0,1,0
variety,2,6,4,0,0,0
various,8,5,3,1,0,0
varying,0,0,1,0,1,0
vase,5,2,2,1,0,0
vases,1,0,0,0,0,0
vast,5,0,2,0,0,0
vastness,1,0,1,0,1,0
vegetable,2,0,1,1,0,1
vegetables,3,6,2,0,0,0
vegetation,1,0,0,0,0,1
vehicle,1,4,0,0,1,0
vehicles,1,3,1,0,0,0
venue,1,0,1,0,0,0
verdant,1,0,0,0,0,0
vertical,0,0,1,2,1,2
vessel,1,0,0,0,0,0
vibrancy,0,0,0,0,0,1
vibrant,30,23,25,28,27,26
video,1,1,0,0,0,0
view,10,10,13,11,7,4
viewed,0,0,0,0,1,0
viewer,0,2,0,0,1,1
vignette,0,0,0,1,1,1
vintage,2,0,0,0,0,0
vintagestyle,1,0,0,0,0,0
visible,22,33,24,15,5,3
visor,1,0,0,0,0,0
visual,1,0,4,3,4,6
visually,1,0,0,0,0,0
vivid,0,0,1,1,3,2
vividly,0,0,1,2,0,1
wading,0,0,0,1,0,0
wake,2,0,0,0,0,0
wakeboard,1,0,0,0,0,0
walking,1,6,3,5,1,0
walks,1,0,0,0,0,0
walkway,0,1,0,0,0,0
wall,14,13,7,2,1,0
wallmounted,2,1,0,0,0,0
wallpaper,0,0,1,0,0,0
walls,1,0,2,1,0,0
warm,6,14,24,28,38,46
warmly,2,1,1,1,0,0
warmth,0,0,1,1,1,2
warmtoned,2,0,1,2,3,2
watching,1,0,0,0,0,0
water,11,8,10,11,5,3
waterfront,0,0,1,0,0,0
waters,3,3,2,2,1,0
wave,7,7,3,0,1,0
waves,3,4,3,2,0,0
way,1,0,0,1,0,0
wearing,17,20,35,38,30,11
wears,4,1,0,0,0,0
weathered,2,0,0,0,0,0
web,0,1,0,0,0,0
webpage,2,2,0,0,0,0
wedding,1,0,0,0,0,0
welldefined,0,0,0,0,0,1
welllit,1,0,0,0,0,0
wellmaintained,3,1,0,0,0,0
wellsuited,1,0,0,0,0,0
wetsuit,4,1,0,0,0,0
what,2,20,26,23,13,5
wheel,0,0,2,0,0,0
wheels,2,1,0,0,0,0
where,0,3,0,3,3,0
which,4,7,12,7,12,9
while,13,12,8,4,1,4
white,59,48,43,25,18,19
whites,0,0,1,0,4,2
whitewalled,1,0,0,0,0,0
who,0,1,0,1,0,0
wide,1,0,0,0,0,0
wideangle,0,1,0,0,0,0
wild,0,1,0,0,0,0
wildflowers,0,1,0,0,0,0
window,2,4,7,3,2,0
windowlike,0,0,1,0,0,0
windows,0,4,0,0,0,0
windshield,2,1,0,0,0,0
wings,2,1,0,0,0,0
winter,2,1,0,0,0,0
wisps,0,0,1,0,0,0
wispy,1,0,0,0,0,0
within,2,2,1,2,2,3
without,0,0,0,4,3,5
woman,5,0,0,0,0,0
wood,2,0,0,0,0,0
wooden,12,10,7,3,2,0
word,1,0,0,0,0,0
work,0,1,0,0,0,0
working,0,1,0,0,0,0
workspace,3,1,0,0,0,0
woven,1,0,0,0,0,1
written,1,0,0,0,0,0
yellow,12,20,26,22,21,23
yellowish,0,0,2,1,4,3
yellows,0,0,0,0,0,1
yet,2,1,1,1,0,2
young,8,0,0,0,0,0
zone,0,1,0,0,0,0
